"Source:","C:\Users\peter\OneDrive\Documents\GitHub\SeniorDesign-Team9_2\SeniorDesign-Team9\KiCad\RPS01\rps01.kicad_sch"
"Date:","9/18/2023 4:29:47 PM"
"Tool:","Eeschema 7.0.2"
"Generator:","C:\Program Files\KiCad\7.0\bin\scripting\plugins/bom_csv_grouped_by_value_with_fp.py"
"Component Count:","166"
"Ref","Qnty","Value","Cmp name","Footprint","Description","Vendor","DNP"
"C1","1","82p","C","Capacitor_SMD:C_0603_1608Metric","Unpolarized capacitor","",""
"C2, C3","2","22p","C_Small","Capacitor_SMD:C_0603_1608Metric","Unpolarized capacitor, small symbol","",""
"C4, C5, C6, C7, C20, C21","6","0.1u","C","Capacitor_SMD:C_0603_1608Metric","Unpolarized capacitor","",""
"C8","1","100n","C_Small","Capacitor_SMD:C_0603_1608Metric","Unpolarized capacitor, small symbol","",""
"C9","1","10.75n","C","Capacitor_SMD:C_0603_1608Metric","Unpolarized capacitor","",""
"C10","1","0.22u","C","Capacitor_SMD:C_1206_3216Metric","Unpolarized capacitor","",""
"C11","1","100p","C","Capacitor_SMD:C_1206_3216Metric","Unpolarized capacitor","",""
"C12, C23","2","0.001u","C","Capacitor_SMD:C_1206_3216Metric","Unpolarized capacitor","",""
"C13","1","10000p","C","Capacitor_SMD:C_1206_3216Metric","Unpolarized capacitor","",""
"C14","1","47p","C","Capacitor_SMD:C_1206_3216Metric","Unpolarized capacitor","",""
"C15","1","3.3n","C","Capacitor_SMD:C_0603_1608Metric","Unpolarized capacitor","",""
"C17","1","47u","C","Capacitor_SMD:C_1206_3216Metric","Unpolarized capacitor","",""
"C19","1","10u","C","Capacitor_SMD:C_1206_3216Metric","Unpolarized capacitor","",""
"C22","1","80p","C","Capacitor_SMD:C_0603_1608Metric","Unpolarized capacitor","",""
"C_(CBSW2)16","1","0.22u","C","Capacitor_SMD:C_1206_3216Metric","Unpolarized capacitor","",""
"C_ESR1","1","4.7u","C","Mechatronic Footprints:LOWESRCAPMP7.6X4.3_3.1N_KEM","Unpolarized capacitor","",""
"C_P1, C_P6","2","100u","C_Polarized","Capacitor_SMD:CP_Elec_8x10","Polarized capacitor","",""
"C_P2, C_P7","2","220u","C_Polarized","Capacitor_SMD:CP_Elec_8x10","Polarized capacitor","",""
"C_P3, C_P4","2","330u","C_Polarized","Mechatronics Cap:CAP_EEHZU1V331P","Polarized capacitor","",""
"C_P5","1","270u","C_Polarized_Small","Mechatronic Footprints:LargeCAPSCAPPRD350W60D800H1200","Polarized capacitor, small symbol","",""
"Cf_1, Cf_2","2","0.1u","C","Capacitor_SMD:C_0603_1608Metric","Unpolarized capacitor","",""
"D_(D3)Z1","1","BZT52C4V7-13-F","D_Zener","Mechatronic Footprints:SOD123_DIO","Zener diode","",""
"D_S1, D_S2","2","SD2114S040S8R0","SD2114S040S8R0","Mechatronics Sdiode:SD2114_AVX","","",""
"D_S4, D_S5","2","B340AE-13","D_Schottky","Mechatronic Footprints:CR_SMA_320-340AE_DIO","Schottky diode","",""
"D_S6, D_S8","2","Schottky","D_Schottky","Mechatronic Footprints:CR_SMA_320-340AE_DIO","Schottky diode","",""
"F1","1","2","Fuse_Small","Mechatronics Fuses:0154Series_LTF","Fuse, small symbol","",""
"F2","1","3","Fuse_Small","Mechatronics Fuses:0154Series_LTF","Fuse, small symbol","",""
"F3","1","10","Fuse_Small","Mechatronics Fuses:0154Series_LTF","Fuse, small symbol","",""
"F4, F5","2","5","Fuse_Small","Mechatronics Fuses:0154Series_LTF","Fuse, small symbol","",""
"H1, H2, H3, H4, H5, H6","6","MountingHole_Pad","MountingHole_Pad","MountingHole:MountingHole_3.2mm_M3_Pad_Via","Mounting Hole with connection","",""
"J1","1","XT90 Battery VOUT 1","Conn_01x02_Socket","Mechatronic Footprints:AMASS_XT90-F_1x02_P11.00mm_Vertical","Generic connector, single row, 01x02, script generated","",""
"J2","1","BATT IN 1 XT90","Conn_01x02_Socket","Mechatronic Footprints:AMASS_XT90-M_1x02_P11.00mm_Vertical","Generic connector, single row, 01x02, script generated","",""
"J3","1","XT90  Battery VOUT 2","Conn_01x02_Socket","Mechatronic Footprints:AMASS_XT90-F_1x02_P11.00mm_Vertical","Generic connector, single row, 01x02, script generated","",""
"J4","1","XT30PW Batt VOUT","Conn_01x02_Pin","Mechatronic Footprints:AMASS_XT30PW-F_1x02_P2.50mm_Horizontal","Generic connector, single row, 01x02, script generated","",""
"J5","1","BATT IN 2 XT90 ","Conn_01x02_Socket","Mechatronic Footprints:AMASS_XT90-M_1x02_P11.00mm_Vertical","Generic connector, single row, 01x02, script generated","",""
"J6","1","XT30 3.3V","Conn_01x02_Socket","Connector_AMASS:AMASS_XT30U-F_1x02_P5.0mm_Vertical","Generic connector, single row, 01x02, script generated","",""
"J7","1","XT30 5V","Conn_01x02_Socket","Connector_AMASS:AMASS_XT30U-F_1x02_P5.0mm_Vertical","Generic connector, single row, 01x02, script generated","",""
"J8","1","XT30 12V","Conn_01x02_Socket","Connector_AMASS:AMASS_XT30U-F_1x02_P5.0mm_Vertical","Generic connector, single row, 01x02, script generated","",""
"J9","1","XT30PW 19V","Conn_01x02_Pin","Mechatronic Footprints:AMASS_XT30PW-F_1x02_P2.50mm_Horizontal","Generic connector, single row, 01x02, script generated","",""
"J10","1","IIC Connector","Conn_01x04_Pin","Connector_JST:JST_PH_B4B-PH-K_1x04_P2.00mm_Vertical","Generic connector, single row, 01x04, script generated","",""
"J11","1","ISCP","Conn_02x03_Counter_Clockwise","Connector_PinHeader_2.54mm:PinHeader_2x03_P2.54mm_Vertical","Generic connector, double row, 02x03, counter clockwise pin numbering scheme (similar to DIP package numbering), script generated (kicad-library-utils/schlib/autogen/connector/)","",""
"J12","1","Serial","Conn_01x05","Connector_PinHeader_2.54mm:PinHeader_1x05_P2.54mm_Horizontal","Generic connector, single row, 01x05, script generated (kicad-library-utils/schlib/autogen/connector/)","",""
"J13","1","JST_PH_TEMP_SENSOR_1","Conn_01x03_Pin","Connector_JST:JST_PH_B3B-PH-K_1x03_P2.00mm_Vertical","Generic connector, single row, 01x03, script generated","",""
"J14","1","JST_PH_TEMP_SENSOR_2","Conn_01x03_Pin","Connector_JST:JST_PH_B3B-PH-K_1x03_P2.00mm_Vertical","Generic connector, single row, 01x03, script generated","",""
"J15","1","Display","Conn_01x04_Pin","SSD1306:128x64OLED","Generic connector, single row, 01x04, script generated","",""
"J16","1","RGB LED","Conn_01x06_Pin","LED_SMD:LED_RGB_5050-6","Generic connector, single row, 01x06, script generated","",""
"L1","1","6.8u Wurth 74436410680","L","Mechatronic Footprints:IND_410680_WRE","Inductor","",""
"L2, L3","2","470","L","Mechatronics BUCK INDUCTOR:IND_CDRH127&slash_LDNP-470MC_SUM","Inductor","",""
"Q1, Q2","2","BSS138","BSS138","Package_TO_SOT_SMD:SOT-23","50V Vds, 0.22A Id, N-Channel MOSFET, SOT-23","",""
"Q_(A1)1","1","BSC009NE2LS5IATMA1","BSC009NE2LS5IATMA1","Mechatronics MOSFET:PG-TDSON-8_INF","","",""
"Q_(B2)1","1","BSC009NE2LS5IATMA1","BSC009NE2LS5IATMA1","Mechatronics MOSFET:PG-TDSON-8_INF","","",""
"Q_(C4)1","1","BSC009NE2LS5IATMA1","BSC009NE2LS5IATMA1","Mechatronics MOSFET:PG-TDSON-8_INF","","",""
"Q_(D3)1","1","BSC009NE2LS5IATMA1","BSC009NE2LS5IATMA1","Mechatronics MOSFET:PG-TDSON-8_INF","","",""
"R1, R4, R5, R31","4","100k","R","Resistor_SMD:R_0603_1608Metric","Resistor","",""
"R2, R3, R6, R7, R8, R9, R10, R16, R17, R18, R22, R26","12","0","R_Small","Resistor_SMD:R_0603_1608Metric","Resistor, small symbol","",""
"R11, R13","2","100","R","Resistor_SMD:R_1206_3216Metric","Resistor","",""
"R12","1","100k","R","Resistor_SMD:R_1206_3216Metric","Resistor","",""
"R14","1","124K","R","Resistor_SMD:R_1206_3216Metric","Resistor","",""
"R15","1","51K","R","Resistor_SMD:R_1206_3216Metric","Resistor","",""
"R19, R20, R23, R24, R32, R33","6","10K","R","Resistor_SMD:R_0603_1608Metric","Resistor","",""
"R21, R25, R27","3","4.7K","R","Resistor_SMD:R_0603_1608Metric","Resistor","",""
"R28","1","150 Green","R","Resistor_SMD:R_0603_1608Metric","Resistor","",""
"R29","1","100 RED","R","Resistor_SMD:R_0603_1608Metric","Resistor","",""
"R30","1","150 Blue","R","Resistor_SMD:R_0603_1608Metric","Resistor","",""
"R34, R35, R36, R37, R38, R39","6","603_LED","R_Small","Resistor_SMD:R_0603_1608Metric","Resistor, small symbol","",""
"R_P1, R_P5","2","1k","R_Small_US","Resistor_SMD:R_0603_1608Metric","Resistor, small US symbol","",""
"R_P2","1","3k","R_Small_US","Resistor_SMD:R_0603_1608Metric","Resistor, small US symbol","",""
"R_P3","1","100K","R","Resistor_SMD:R_1206_3216Metric","Resistor","",""
"R_P4","1","4.3K","R","Resistor_SMD:R_1206_3216Metric","Resistor","",""
"R_P6","1","9.76k","R_Small_US","Resistor_SMD:R_0603_1608Metric","Resistor, small US symbol","",""
"R_P7, R_P9","2","1.2M","R_Small","Resistor_SMD:R_1206_3216Metric","Resistor, small symbol","",""
"R_P8, R_P10","2","510K","R_Small","Resistor_SMD:R_1206_3216Metric","Resistor, small symbol","",""
"R_S1","1","0.3m","R","Mechatronic Footprints:CSS2H-5930R","Resistor","",""
"R_S2, R_S3","2","6m","R","Resistor_SMD:R_2512_6332Metric","Resistor","",""
"SW1","1","RST","SW_Push_Open","Button_Switch_SMD:SW_SPST_PTS645","Push button switch, push-to-open, generic, two pins","",""
"SW2","1","Display Button","SW_Push_Open","Button_Switch_SMD:SW_SPST_PTS645","Push button switch, push-to-open, generic, two pins","",""
"TP1","1","VSHUNT-","TestPoint_Probe","Mechatronics TestP:CONN1_RCU-0C_TEC","test point (alternative probe-style design)","",""
"TP2","1","VSHUNT+","TestPoint_Probe","Mechatronics TestP:CONN1_RCU-0C_TEC","test point (alternative probe-style design)","",""
"TP3","1","SDA","TestPoint_Probe","Mechatronics TestP:CONN1_RCU-0C_TEC","test point (alternative probe-style design)","",""
"TP4","1","SCL","TestPoint_Probe","Mechatronics TestP:CONN1_RCU-0C_TEC","test point (alternative probe-style design)","",""
"TP5","1","CURRENT1","TestPoint_Probe","Mechatronics TestP:CONN1_RCU-0C_TEC","test point (alternative probe-style design)","",""
"TP6","1","CURRENT2","TestPoint_Probe","Mechatronics TestP:CONN1_RCU-0C_TEC","test point (alternative probe-style design)","",""
"TP7","1","VOLT1","TestPoint_Probe","Mechatronics TestP:CONN1_RCU-0C_TEC","test point (alternative probe-style design)","",""
"TP8","1","VOLT2","TestPoint_Probe","Mechatronics TestP:CONN1_RCU-0C_TEC","test point (alternative probe-style design)","",""
"TP9","1","AREF","TestPoint_Probe","Mechatronics TestP:CONN1_RCU-0C_TEC","test point (alternative probe-style design)","",""
"TP10","1","LOGIC 5V","TestPoint_Probe","Mechatronics TestP:CONN1_RCU-0C_TEC","test point (alternative probe-style design)","",""
"TP11","1","VSHUNT2-","TestPoint_Probe","Mechatronics TestP:CONN1_RCU-0C_TEC","test point (alternative probe-style design)","",""
"TP12","1","VSHUNT2+","TestPoint_Probe","Mechatronics TestP:CONN1_RCU-0C_TEC","test point (alternative probe-style design)","",""
"TP13","1","3.3V","TestPoint_Probe","Mechatronics TestP:CONN1_RCU-0C_TEC","test point (alternative probe-style design)","",""
"TP14","1","5V","TestPoint_Probe","Mechatronics TestP:CONN1_RCU-0C_TEC","test point (alternative probe-style design)","",""
"TP15","1","12V","TestPoint_Probe","Mechatronics TestP:CONN1_RCU-0C_TEC","test point (alternative probe-style design)","",""
"TP16","1","19V","TestPoint_Probe","Mechatronics TestP:CONN1_RCU-0C_TEC","test point (alternative probe-style design)","",""
"TP17","1","GND","TestPoint_Probe","Mechatronics TestP:CONN1_RCU-0C_TEC","test point (alternative probe-style design)","",""
"U1, U2, U3, U5, U6, U7","6","NP100P04PLG-E1-AY","NP100P04PLG-E1-AY","Mechatronic Footprints:LTC3780_PRSS0004AL-A_REN","","",""
"U4","1","LTC4416EMS-1-TRPBF","LTC4416EMS-1-TRPBF","Mechatronic Footprints:LTC4416_MSOP-10_MS_LIT","","",""
"U8, U19","2","INA139QPWRQ1","INA139QPWRQ1","Mechatronic Footprints:INA139_PW8","","",""
"U9","1","ADR02AUJZ-REEL7","ADR02AUJZ-REEL7","Mechatronics VREF:UJ_5_ADI","","",""
"U10","1","ATmega328P-A","ATmega328P-A","Package_QFP:TQFP-32_7x7mm_P0.8mm","20MHz, 32kB Flash, 2kB SRAM, 1kB EEPROM, TQFP-32","",""
"U11, U13","2","5V AMS1117","AMS1117","Package_TO_SOT_SMD:SOT-223-3_TabPin2","1A Low Dropout regulator, positive, adjustable output, SOT-223","",""
"U12","1","3.3V AMS1117","AMS1117","Package_TO_SOT_SMD:SOT-223-3_TabPin2","1A Low Dropout regulator, positive, adjustable output, SOT-223","",""
"U14","1","LM2596S-5V","LM2596S-ADJ","Package_TO_SOT_SMD:TO-263-5_TabPin3","Adjustable 3A Step-Down Voltage Regulator, TO-263","",""
"U16","1","LM2596S-12V","LM2596S-ADJ","Package_TO_SOT_SMD:TO-263-5_TabPin3","Adjustable 3A Step-Down Voltage Regulator, TO-263","",""
"U17, U18","2","DS18B20+","DS18B20+","Package_TO_SOT_THT:TO-92L_Inline","","",""
"U20","1","LTC3780EUH-TRPBF","LTC3780EUH-TRPBF","Mechatronic Footprints:QFN-32_UH_LIT","","",""
"Y1","1","16M","Crystal","Crystal:Crystal_SMD_HC49-SD","Two pin crystal","",""
